{
  "display": {
    "icon": {
      "item": "minecraft:deepslate"
    },
    "title": {
      "text": "Land Down Under      "
    },
    "description": {
      "text": "Its pretty dark down there, maybe there are some new blocks.(One of them might be pointy)",
      "color": "green"
    },
    "frame": "task",
    "show_toast": true,
    "announce_to_chat": false,
    "hidden": false
  },
  "criteria": {
    "down_under": {
      "trigger": "minecraft:location",
      "conditions": {
        "position": {
          "y": {
            "min": -50,
            "max": 2
          }
        }
      }
    }
  },
  "requirements": [
    [
      "down_under"
    ]
  ],
  "rewards": {
    "function": "skyoregen:summon/intronewgreg"
  },
  "parent": "skyoregen:cobble"
}
