{
    "pools": [
        {
            "rolls": 1,
            "entries": [
                {
                    "type": "empty",
                    "weight": 0
                },
                {
                    "type": "item",
                    "weight": 1,
                    "name": "minecraft:white_dye",
                    "quality": 1,
                    "functions": [
                        {
                            "function": "set_nbt",
                            "tag": "{summon_stone:1b}"
                        }
                    ]
                }
            ]
        }
    ]
}
