{
  "parent": "cog:root",
  "display": {
    "icon": {
      "item": "minecraft:basalt"
    },
    "title": {
      "text": "Basalt Time"
    },
    "description": {
      "text": "Welcome to the Nether",
      "color": "green"
    },
    "frame": "task",
    "show_toast": true,
    "announce_to_chat": false,
    "hidden": false,
    "background": "minecraft:textures/gui/advancements/backgrounds/stone.png"
  },
  "criteria": {
    "entered_nether": {
      "trigger": "minecraft:changed_dimension",
      "conditions": {
        "to": "minecraft:the_nether"
      }
    }
  },
  "requirements": [
    [
      "entered_nether"
    ]
  ],
  "rewards": {
    "function": "bog:gettingstarted"
  }
}
