{
  "display": {
    "icon": {
      "item": "minecraft:cobblestone"
    },
    "title": {
      "text": "SkyOreGen"
    },
    "description": {
      "text": "Time to mine",
      "color": "green"
    },
    "frame": "task",
    "show_toast": true,
    "announce_to_chat": false,
    "hidden": false,
    "background": "minecraft:textures/gui/advancements/backgrounds/stone.png"
  },
  "criteria": {
    "cobblestone": {
      "trigger": "minecraft:inventory_changed",
      "conditions": {
        "items": [
          {
            "item": "minecraft:cobblestone",
            "count": {
              "min": 0
            }
          }
        ]
      }
    }
  },
  "requirements": [
    [
      "cobblestone"
    ]
  ],
  "rewards": {
    "function": "cog:gettingstarted"
  }
}
