{
    "pools": [
        {
            "rolls": 1,
            "entries": [
                {
                    "type": "empty",
                    "weight": 7
                },
                {
                    "type": "item",
                    "weight": 4,
                    "name": "minecraft:white_dye",
                    "quality": 1,
                    "functions": [
                        {
                            "function": "set_nbt",
                            "tag": "{summon_iron:1b}"
                        }
                    ]
                },
                {
                    "type": "item",
                    "weight": 1,
                    "name": "minecraft:white_dye",
                    "quality": 1,
                    "functions": [
                        {
                            "function": "set_nbt",
                            "tag": "{summon_copper:1b}"
                        }
                    ]
                },
                {
                    "type": "item",
                    "weight": 3,
                    "name": "minecraft:white_dye",
                    "quality": 1,
                    "functions": [
                        {
                            "function": "set_nbt",
                            "tag": "{summon_gold:1b}"
                        }
                    ]
                },
                {
                    "type": "item",
                    "weight": 2,
                    "name": "minecraft:white_dye",
                    "quality": 1,
                    "functions": [
                        {
                            "function": "set_nbt",
                            "tag": "{summon_redstone:1b}"
                        }
                    ]
                },
                {
                    "type": "item",
                    "weight": 2,
                    "name": "minecraft:white_dye",
                    "quality": 1,
                    "functions": [
                        {
                            "function": "set_nbt",
                            "tag": "{summon_lapis:1b}"
                        }
                    ]
                },
                {
                    "type": "item",
                    "weight": 1,
                    "name": "minecraft:white_dye",
                    "quality": 1,
                    "functions": [
                        {
                            "function": "set_nbt",
                            "tag": "{summon_diamond:1b}"
                        }
                    ]
                }
            ]
        }
    ]
}
